CREATE DATABASE  IF NOT EXISTS `datenbank_patienten` /*!40100 DEFAULT CHARACTER SET utf8mb4 COLLATE utf8mb4_0900_ai_ci */ /*!80016 DEFAULT ENCRYPTION='N' */;
USE `datenbank_patienten`;
-- MySQL dump 10.13  Distrib 8.0.40, for Win64 (x86_64)
--
-- Host: localhost    Database: datenbank_patienten
-- ------------------------------------------------------
-- Server version	8.0.40

/*!40101 SET @OLD_CHARACTER_SET_CLIENT=@@CHARACTER_SET_CLIENT */;
/*!40101 SET @OLD_CHARACTER_SET_RESULTS=@@CHARACTER_SET_RESULTS */;
/*!40101 SET @OLD_COLLATION_CONNECTION=@@COLLATION_CONNECTION */;
/*!50503 SET NAMES utf8 */;
/*!40103 SET @OLD_TIME_ZONE=@@TIME_ZONE */;
/*!40103 SET TIME_ZONE='+00:00' */;
/*!40014 SET @OLD_UNIQUE_CHECKS=@@UNIQUE_CHECKS, UNIQUE_CHECKS=0 */;
/*!40014 SET @OLD_FOREIGN_KEY_CHECKS=@@FOREIGN_KEY_CHECKS, FOREIGN_KEY_CHECKS=0 */;
/*!40101 SET @OLD_SQL_MODE=@@SQL_MODE, SQL_MODE='NO_AUTO_VALUE_ON_ZERO' */;
/*!40111 SET @OLD_SQL_NOTES=@@SQL_NOTES, SQL_NOTES=0 */;

--
-- Table structure for table `bundesland`
--

DROP TABLE IF EXISTS `bundesland`;
/*!40101 SET @saved_cs_client     = @@character_set_client */;
/*!50503 SET character_set_client = utf8mb4 */;
CREATE TABLE `bundesland` (
  `BundeslandID` int NOT NULL,
  `Bezeichnung` varchar(255) NOT NULL,
  PRIMARY KEY (`BundeslandID`)
) ENGINE=InnoDB DEFAULT CHARSET=utf8mb4 COLLATE=utf8mb4_0900_ai_ci;
/*!40101 SET character_set_client = @saved_cs_client */;

--
-- Dumping data for table `bundesland`
--

LOCK TABLES `bundesland` WRITE;
/*!40000 ALTER TABLE `bundesland` DISABLE KEYS */;
INSERT INTO `bundesland` VALUES (1,'Burgenland'),(2,'Kärnten'),(3,'Niederösterreich'),(4,'Oberösterreich'),(5,'Salzburg'),(6,'Steiermark'),(7,'Tirol'),(8,'Vorarlberg'),(9,'Wien');
/*!40000 ALTER TABLE `bundesland` ENABLE KEYS */;
UNLOCK TABLES;

--
-- Table structure for table `diagnose`
--

DROP TABLE IF EXISTS `diagnose`;
/*!40101 SET @saved_cs_client     = @@character_set_client */;
/*!50503 SET character_set_client = utf8mb4 */;
CREATE TABLE `diagnose` (
  `DiagnoseID` int NOT NULL AUTO_INCREMENT,
  `PatientenID` int NOT NULL,
  `Diagnose` varchar(255) NOT NULL,
  `ICD` varchar(10) NOT NULL,
  `Beschreibung` text,
  `Datum` date DEFAULT NULL,
  PRIMARY KEY (`DiagnoseID`),
  KEY `fk_patient` (`PatientenID`),
  CONSTRAINT `fk_patient` FOREIGN KEY (`PatientenID`) REFERENCES `patient` (`PatientenID`) ON DELETE CASCADE ON UPDATE CASCADE
) ENGINE=InnoDB AUTO_INCREMENT=36 DEFAULT CHARSET=utf8mb4 COLLATE=utf8mb4_0900_ai_ci;
/*!40101 SET character_set_client = @saved_cs_client */;

--
-- Dumping data for table `diagnose`
--

LOCK TABLES `diagnose` WRITE;
/*!40000 ALTER TABLE `diagnose` DISABLE KEYS */;
INSERT INTO `diagnose` VALUES (1,1,'Sonstige Virusinfektionen, die durch Haut- und Schleimhautläsionen gekennzeichnet sind, anderenorts nicht klassifiziert','B08','','2025-01-24'),(2,1,'Abnorme Gewohnheiten und Störungen der Impulskontrolle','F63','Extreme Ausprägung der Krankheit','2025-01-24'),(3,1,'Husten','R05','','2025-01-24'),(4,1,'Sonstige Kopfschmerzsyndrome','G44','','2025-01-24'),(6,1,'Sonstige oberflächliche Mykosen','B36','','2025-01-24'),(12,1,'Hühneraugen und Horn-(Haut-)Schwielen','L84','','2025-01-24'),(16,15,'Husten','R05','','2025-01-25'),(17,4,'Sonstige Kopfschmerzsyndrome','G44','','2025-01-25'),(18,13,'Juvenile Arthritis','M08','','2025-01-25'),(19,6,'Bauch- und Beckenschmerzen','R10','','2025-01-25'),(20,15,'Sonstige Krankheiten der Zähne und des Zahnhalteapparates','K08','','2025-01-25'),(21,15,'Luxation, Verstauchung und Zerrung der Gelenke und Bänder in Höhe des','S93','','2025-01-26'),(22,15,'Essentielle (primäre) Hypertonie','I10','','2025-01-26'),(23,15,'Husten','R05','','2025-01-26'),(24,15,'Sonstige medizinische Behandlung','Z51','','2025-01-26'),(25,15,'Essentielle (primäre) Hypertonie','I10','','2025-01-26'),(26,15,'Husten','R05','','2025-01-26'),(27,4,'Sonstige oberflächliche Mykosen','B36','','2025-01-26'),(28,15,'Sonstige Störungen der Blickbewegungen','H51','','2025-01-26'),(29,4,'Husten','R05','','2025-01-26'),(30,4,'Konjunktivitis','H10','','2025-01-26'),(31,4,'Husten','R05','','2025-01-26'),(32,4,'Nichtrheumatische Trikuspidalklappenkrankheiten','I36','','2025-01-26'),(33,24,'Andere Verhaltens- und emotionale Störungen mit Beginn in der Kindheit und Jugend','F98','','2025-01-28'),(34,26,'Husten','R05','Reizhusten','2025-01-28'),(35,15,'Leichte Intelligenzminderung','F70','','2025-01-28');
/*!40000 ALTER TABLE `diagnose` ENABLE KEYS */;
UNLOCK TABLES;

--
-- Table structure for table `icddiagnose`
--

DROP TABLE IF EXISTS `icddiagnose`;
/*!40101 SET @saved_cs_client     = @@character_set_client */;
/*!50503 SET character_set_client = utf8mb4 */;
CREATE TABLE `icddiagnose` (
  `ICD_ID` int NOT NULL AUTO_INCREMENT,
  `ICD` varchar(10) NOT NULL,
  `Diagnose` varchar(255) NOT NULL,
  PRIMARY KEY (`ICD_ID`)
) ENGINE=InnoDB AUTO_INCREMENT=796 DEFAULT CHARSET=utf8mb4 COLLATE=utf8mb4_0900_ai_ci;
/*!40101 SET character_set_client = @saved_cs_client */;

--
-- Dumping data for table `icddiagnose`
--

LOCK TABLES `icddiagnose` WRITE;
/*!40000 ALTER TABLE `icddiagnose` DISABLE KEYS */;
INSERT INTO `icddiagnose` VALUES (1,'B36','Sonstige oberflächliche Mykosen'),(2,'ICD','Diagnose'),(3,'H52','Akkommodationsstörungen und Refraktionsfehler'),(4,'I07','Rheumatische Trikuspidalklappenkrankheiten'),(5,'I10','Essentielle (primäre) Hypertonie'),(6,'H51','Sonstige Störungen der Blickbewegungen'),(7,'E78','Störungen des Lipoproteinstoffwechsels und sonstige Lipidämien'),(8,'L65','Sonstiger Haarausfall ohne Narbenbildung'),(9,'G56','Mononeuropathien der oberen Extremität'),(10,'H55','Nystagmus und sonstige abnorme Augenbewegungen'),(11,'U11','n.v.'),(12,'B86','Skabies'),(13,'Z51','Sonstige medizinische Behandlung'),(14,'I36','Nichtrheumatische Trikuspidalklappenkrankheiten'),(15,'K08','Sonstige Krankheiten der Zähne und des Zahnhalteapparates'),(16,'L25','Nicht näher bezeichnete Kontaktdermatitis'),(17,'J06','Akute Infektionen an mehreren oder nicht näher bezeichneten Lokalisationen\nder oberen Atemwege'),(18,'I51','Komplikationen einer Herzkrankheit und ungenau beschriebene Herzkrankheit'),(19,'M54','Rückenschmerzen'),(20,'N83','Nichtentzündliche Krankheiten des Ovars, der Tuba uterina und des\nLigamentum latum uteri'),(21,'L64','Alopecia androgenetica'),(22,'Z98','Sonstige Zustände nach chirurgischem Eingriff'),(23,'Q10','Angeborene Fehlbildungen des Augenlides, des Tränenapparates und der\nOrbita'),(24,'E86','Volumenmangel'),(25,'C77','Sekundäre und nicht näher bezeichnete bösartige Neubildung der Lymphknoten'),(26,'L84','Hühneraugen und Horn-(Haut-)Schwielen'),(27,'U07','Nicht belegte Schlüsselnummer U07'),(28,'F50','Essstörungen'),(29,'D23','Sonstige gutartige Neubildungen der Haut'),(30,'E11','Diabetes mellitus vom Typ 2'),(31,'Z34','Überwachung einer normalen Schwangerschaft'),(32,'I45','Sonstige kardiale Erregungsleitungsstörungen'),(33,'M65','Synovitis und Tenosynovitis'),(34,'I78','Krankheiten der Kapillaren'),(35,'U99','Nicht belegte Schlüsselnummern'),(36,'N73','Sonstige entzündliche Krankheiten im weiblichen Becken'),(37,'H30','Chorioretinitis'),(38,'G44','Sonstige Kopfschmerzsyndrome'),(39,'I47','Paroxysmale Tachykardie'),(40,'C61','Bösartige Neubildung der Prostata'),(41,'F32','Depressive Episode'),(42,'M22','Krankheiten der Patella'),(43,'F98','Andere Verhaltens- und emotionale Störungen mit Beginn in der Kindheit und\nJugend'),(44,'L28','Lichen simplex chronicus und Prurigo'),(45,'I50','Herzinsuffizienz'),(46,'D25','Leiomyom des Uterus'),(47,'I20','Angina pectoris'),(48,'R89','Abnorme Befunde in Untersuchungsmaterialien aus anderen Körperorganen, -'),(49,'R23','Sonstige Hautveränderungen'),(50,'C83','Nicht follikuläres Lymphom'),(51,'I38','Endokarditis, Herzklappe nicht näher bezeichnet'),(52,'F94','Störungen sozialer Funktionen mit Beginn in der Kindheit und Jugend'),(53,'L08','Sonstige lokale Infektionen der Haut und der Unterhaut'),(54,'Z80','Bösartige Neubildung in der Familienanamnese'),(55,'I24','Sonstige akute ischämische Herzkrankheit'),(56,'D80','Immundefekt mit vorherrschendem Antikörpermangel'),(57,'L98','Sonstige Krankheiten der Haut und der Unterhaut, anderenorts nicht klassifiziert'),(58,'F91','Störungen des Sozialverhaltens'),(59,'I21','Akuter Myokardinfarkt'),(60,'Z01','Sonstige spezielle Untersuchungen und Abklärungen bei Personen ohne'),(61,'B37','Kandidose'),(62,'C80','Bösartige Neubildung ohne Angabe der Lokalisation'),(63,'E66','Adipositas'),(64,'C16','Bösartige Neubildung des Magens'),(65,'Z82','Bestimmte Behinderungen oder chronische Krankheiten in der\nFamilienanamnese, die zu Schädigung oder Behinderung führen'),(66,'M50','Zervikale Bandscheibenschäden'),(67,'F42','Zwangsstörung'),(68,'Z09','Nachuntersuchung nach Behandlung wegen anderer Krankheitszustände\naußer bösartigen Neubildungen'),(69,'E04','Sonstige nichttoxische Struma'),(70,'N91','Ausgebliebene, zu schwache oder zu seltene Menstruation'),(71,'L01','Impetigo'),(72,'G55','klassifizierten Krankheiten'),(73,'F81','Umschriebene Entwicklungsstörungen schulischer Fertigkeiten'),(74,'R55','Synkope und Kollaps'),(75,'J45','Asthma bronchiale'),(76,'N86','Erosion und Ektropium der Cervix uteri'),(77,'K59','Sonstige funktionelle Darmstörungen'),(78,'F84','Tief greifende Entwicklungsstörungen'),(79,'I25','Chronische ischämische Herzkrankheit'),(80,'E28','Ovarielle Dysfunktion'),(81,'F40','Phobische Störungen'),(82,'F64','Störungen der Geschlechtsidentität'),(83,'E03','Sonstige Hypothyreose'),(84,'Z31','Fertilisationsfördernde Maßnahmen'),(85,'M96','Krankheiten des Muskel-Skelett-Systems nach medizinischen Maßnahmen,'),(86,'Z61','Kontaktanlässe mit Bezug auf Kindheitserlebnisse'),(87,'K21','Gastroösophageale Refluxkrankheit'),(88,'N60','Gutartige Mammadysplasie [Brustdrüsendysplasie]'),(89,'Z63','Andere Kontaktanlässe mit Bezug auf den engeren Familienkreis'),(90,'K01','Retinierte und impaktierte Zähne'),(91,'N87','Dysplasie der Cervix uteri'),(92,'R52','Schmerz, anderenorts nicht klassifiziert'),(93,'F34','Anhaltende affektive Störungen'),(94,'J34','Sonstige Krankheiten der Nase und der Nasennebenhöhlen'),(95,'C92','Myeloische Leukämie'),(96,'K29','Gastritis und Duodenitis'),(97,'X84','Absichtliche Selbstbeschädigung'),(98,'M43','Sonstige Deformitäten der Wirbelsäule und des Rückens'),(99,'C82','Follikuläres Lymphom'),(100,'H40','Glaukom'),(101,'M51','Sonstige Bandscheibenschäden'),(102,'F63','Abnorme Gewohnheiten und Störungen der Impulskontrolle'),(103,'R29','Sonstige Symptome, die das Nervensystem und das Muskel-Skelett-System'),(104,'K07','Dentofaziale Anomalien [einschließlich fehlerhafter Okklusion]'),(105,'C25','Bösartige Neubildung des Pankreas'),(106,'D24','Gutartige Neubildung der Brustdrüse [Mamma]'),(107,'F44','Dissoziative Störungen [Konversionsstörungen]'),(108,'C56','Bösartige Neubildung des Ovars'),(109,'M70','Krankheiten des Weichteilgewebes im Zusammenhang mit Beanspruchung,'),(110,'Z81','Psychische Krankheiten oder Verhaltensstörungen in der Familienanamnese'),(111,'Z88','Allergie gegenüber Arzneimitteln, Drogen oder biologisch aktiven Substanzen\nin der Eigenanamnese'),(112,'D70','Agranulozytose und Neutropenie'),(113,'L63','Alopecia areata'),(114,'I27','Sonstige pulmonale Herzkrankheiten'),(115,'M47','Spondylose'),(116,'F83','Kombinierte umschriebene Entwicklungsstörungen'),(117,'Z94','Zustand nach Organ- oder Gewebetransplantation'),(118,'M67','Sonstige Krankheiten der Synovialis und der Sehnen'),(119,'D03','Melanoma in situ'),(120,'Z11','Spezielle Verfahren zur Untersuchung auf infektiöse und parasitäre Krankheiten'),(121,'I31','Sonstige Krankheiten des Perikards'),(122,'Z39','Postpartale Betreuung und Untersuchung der Mutter'),(123,'A74','Sonstige Krankheiten durch Chlamydien'),(124,'L91','Hypertrophe Hautkrankheiten'),(125,'C81','Hodgkin-Lymphom [Lymphogranulomatose]'),(126,'H19','Krankheiten (A18.5+, A50.3+, A52.7+, B00.5+, B02.3+, B05.8+, B30.0+,'),(127,'Q21','Angeborene Fehlbildungen der Herzsepten'),(128,'S83','Luxation, Verstauchung und Zerrung des Kniegelenkes und von Bändern des'),(129,'F06','Andere psychische Störungen aufgrund einer Schädigung oder\nFunktionsstörung des Gehirns oder einer körperlichen Krankheit'),(130,'J30','Vasomotorische und allergische Rhinopathie'),(131,'H15','Affektionen der Sklera'),(132,'O47','Frustrane Kontraktionen [Unnütze Wehen]'),(133,'C64','Bösartige Neubildung der Niere, ausgenommen Nierenbecken'),(134,'G25','Sonstige extrapyramidale Krankheiten und Bewegungsstörungen'),(135,'A63','Sonstige vorwiegend durch Geschlechtsverkehr übertragene Krankheiten,\nanderenorts nicht klassifiziert'),(136,'R27','Sonstige Koordinationsstörungen'),(137,'G47','Schlafstörungen'),(138,'I05','Rheumatische Mitralklappenkrankheiten'),(139,'F66','Psychische und Verhaltensstörungen in Verbindung mit der sexuellen\nEntwicklung und Orientierung'),(140,'O34','Betreuung der Mutter bei festgestellter oder vermuteter Anomalie der\nBeckenorgane'),(141,'O36','Betreuung der Mutter wegen sonstiger festgestellter oder vermuteter'),(142,'D61','Sonstige aplastische Anämien'),(143,'Q12','Angeborene Fehlbildungen der Linse'),(144,'J35','Chronische Krankheiten der Gaumenmandeln und der Rachenmandel'),(145,'F70','Leichte Intelligenzminderung'),(146,'L43','Lichen ruber planus'),(147,'K76','Sonstige Krankheiten der Leber'),(148,'R16','Hepatomegalie und Splenomegalie, anderenorts nicht klassifiziert'),(149,'Z03','Ärztliche Beobachtung und Beurteilung von Verdachtsfällen, Verdacht\nausgeschlossen'),(150,'Z91','Risikofaktoren in der Eigenanamnese, anderenorts nicht klassifiziert'),(151,'C15','Bösartige Neubildung des Ösophagus'),(152,'I95','Hypotonie'),(153,'I83','Varizen der unteren Extremitäten'),(154,'Z55','Kontaktanlässe mit Bezug auf die Ausbildung'),(155,'R61','Hyperhidrose'),(156,'O60','Vorzeitige Wehen und Entbindung'),(157,'E61','Mangel an sonstigen Spurenelementen'),(158,'I08','Krankheiten mehrerer Herzklappen'),(159,'S83','Luxation, Verstauchung und Zerrung des Kniegelenkes und von Bändern des\nKniegelenkes'),(160,'L24','Toxische Kontaktdermatitis'),(161,'F45','Somatoforme Störungen'),(162,'G45','Zerebrale transitorische Ischämie und verwandte Syndrome'),(163,'N77','Krankheiten'),(164,'G35','Multiple Sklerose [Encephalomyelitis disseminata]'),(165,'T82','Komplikationen durch Prothesen, Implantate oder Transplantate im Herzen und\nin den Gefäßen'),(166,'M18','Rhizarthrose [Arthrose des Daumensattelgelenkes]'),(167,'H05','Affektionen der Orbita'),(168,'F17','Psychische und Verhaltensstörungen durch Tabak'),(169,'Z84','Andere Krankheiten oder Zustände in der Familienanamnese'),(170,'F62','Andauernde Persönlichkeitsänderungen, nicht Folge einer Schädigung oder\nKrankheit des Gehirns'),(171,'Z62','Andere Kontaktanlässe mit Bezug auf die Erziehung'),(172,'E13','Sonstiger näher bezeichneter Diabetes mellitus'),(173,'J44','Sonstige chronische obstruktive Lungenkrankheit'),(174,'D84','Sonstige Immundefekte'),(175,'I64','Schlaganfall, nicht als Blutung oder Infarkt bezeichnet'),(176,'C50','Bösartige Neubildung der Brustdrüse [Mamma]'),(177,'F12','Psychische und Verhaltensstörungen durch Cannabinoide'),(178,'B00','Infektionen durch Herpesviren [Herpes simplex]'),(179,'I26','Lungenembolie'),(180,'B08','Sonstige Virusinfektionen, die durch Haut- und Schleimhautläsionen\ngekennzeichnet sind, anderenorts nicht klassifiziert'),(181,'F54','Psychologische Faktoren oder Verhaltensfaktoren bei anderenorts\nklassifizierten Krankheiten'),(182,'I63','Hirninfarkt'),(183,'D51','Vitamin-B12-Mangelanämie'),(184,'Q13','Angeborene Fehlbildungen des vorderen Augenabschnittes'),(185,'C22','Bösartige Neubildung der Leber und der intrahepatischen Gallengänge'),(186,'L27','Dermatitis durch oral, enteral oder parenteral aufgenommene Substanzen'),(187,'Z35','Überwachung einer Risikoschwangerschaft'),(188,'H91','Sonstiger Hörverlust'),(189,'N30','Zystitis'),(190,'M17','Gonarthrose [Arthrose des Kniegelenkes]'),(191,'N85','Sonstige nichtentzündliche Krankheiten des Uterus, ausgenommen der Zervix'),(192,'D36','Gutartige Neubildung an sonstigen und nicht näher bezeichneten\nLokalisationen'),(193,'N80','Endometriose'),(194,'O82','Geburt eines Einlings durch Schnittenbindung'),(195,'G51','Krankheiten des Nervus facialis [VII. Hirnnerv]'),(196,'R87','Abnorme Befunde in Untersuchungsmaterialien aus den weiblichen\nGenitalorganen'),(197,'R11','Übelkeit und Erbrechen'),(198,'L23','Allergische Kontaktdermatitis'),(199,'E34','Sonstige endokrine Störungen'),(200,'Z00','Allgemeinuntersuchung und Abklärung bei Personen ohne Beschwerden oder\nangegebene Diagnose'),(201,'L42','Pityriasis rosea'),(202,'N93','Sonstige abnorme Uterus- oder Vaginalblutung'),(203,'N97','Sterilität der Frau'),(204,'G40','Epilepsie'),(205,'G57','Mononeuropathien der unteren Extremität'),(206,'L92','Granulomatöse Krankheiten der Haut und der Unterhaut'),(207,'L29','Pruritus'),(208,'E79','Störungen des Purin- und Pyrimidinstoffwechsels'),(209,'H06','Krankheiten (B67.-+, B87.2+, E05.-+)'),(210,'N88','Sonstige nichtentzündliche Krankheiten der Cervix uteri'),(211,'G43','Migräne'),(212,'L68','Hypertrichose'),(213,'M20','Erworbene Deformitäten der Finger und Zehen'),(214,'Z83','Andere spezifische Krankheiten in der Familienanamnese'),(215,'L90','Atrophische Hautkrankheiten'),(216,'Q24','Sonstige angeborene Fehlbildungen des Herzens'),(217,'N90','Sonstige nichtentzündliche Krankheiten der Vulva und des Perineums'),(218,'L80','Vitiligo'),(219,'D39','Neubildung unsicheren oder unbekannten Verhaltens der weiblichen\nGenitalorgane'),(220,'Q82','Sonstige angeborene Fehlbildungen der Haut'),(221,'Z08','Nachuntersuchung nach Behandlung wegen bösartiger Neubildung'),(222,'T14','Verletzung an einer nicht näher bezeichneten Körperregion'),(223,'D09','Carcinoma in situ sonstiger und nicht näher bezeichneter Lokalisationen'),(224,'O26','Betreuung der Mutter bei sonstigen Zuständen, die vorwiegend mit der\nSchwangerschaft verbunden sind'),(225,'F41','Andere Angststörungen'),(226,'R19','Sonstige Symptome, die das Verdauungssystem und das Abdomen betreffen'),(227,'C44','Sonstige bösartige Neubildungen der Haut'),(228,'O24','Diabetes mellitus in der Schwangerschaft'),(229,'F60','Spezifische Persönlichkeitsstörungen'),(230,'S93','Luxation, Verstauchung und Zerrung der Gelenke und Bänder in Höhe des'),(231,'I37','Pulmonalklappenkrankheiten'),(232,'L70','Akne'),(233,'Z33','Schwangerschaftsfeststellung als Nebenbefund'),(234,'O06','Nicht näher bezeichneter Abort'),(235,'N48','Sonstige Krankheiten des Penis'),(236,'C49','Bösartige Neubildung sonstigen Bindegewebes und anderer Weichteilgewebe'),(237,'F43','Reaktionen auf schwere Belastungen und Anpassungsstörungen'),(238,'L20','Atopisches [endogenes] Ekzem'),(239,'O99','Sonstige Krankheiten der Mutter, die anderenorts klassifizierbar sind, die\njedoch Schwangerschaft, Geburt und Wochenbett komplizieren'),(240,'H50','Sonstiger Strabismus'),(241,'D12','Gutartige Neubildung des Kolons, des Rektums, des Analkanals und des Anus'),(242,'B49','Nicht näher bezeichnete Mykose'),(243,'I80','Thrombose, Phlebitis und Thrombophlebitis'),(244,'M53','Sonstige Krankheiten der Wirbelsäule und des Rückens, anderenorts nicht\nklassifiziert'),(245,'K52','Sonstige nichtinfektiöse Gastroenteritis und Kolitis'),(246,'D56','Thalassämie'),(247,'Z32','Untersuchung und Test zur Feststellung einer Schwangerschaft'),(248,'I73','Sonstige periphere Gefäßkrankheiten'),(249,'C94','Sonstige Leukämien näher bezeichneten Zelltyps'),(250,'K58','Reizdarmsyndrom'),(251,'C88','Bösartige immunproliferative Krankheiten'),(252,'L56','Sonstige akute Hautveränderungen durch Ultraviolettstrahlen'),(253,'D59','Erworbene hämolytische Anämien'),(254,'R45','Symptome, die die Stimmung betreffen'),(255,'K22','Sonstige Krankheiten des Ösophagus'),(256,'C17','Bösartige Neubildung des Dünndarmes'),(257,'B07','Viruswarzen'),(258,'T63','Toxische Wirkung durch Kontakt mit giftigen Tieren'),(259,'R80','Isolierte Proteinurie'),(260,'K57','Divertikulose des Darmes'),(261,'E73','Laktoseintoleranz'),(262,'I12','Hypertensive Nierenkrankheit'),(263,'M06','Sonstige chronische Polyarthritis'),(264,'B24','Nicht näher bezeichnete HIV-Krankheit [Humane Immundefizienz-Viruskrankheit]'),(265,'D63','Anämie bei chronischen, anderenorts klassifizierten Krankheiten (C00-D48+,'),(266,'R30','Schmerzen beim Wasserlassen'),(267,'D37','Neubildung unsicheren oder unbekannten Verhaltens der Mundhöhle und der\nVerdauungsorgane'),(268,'I35','Nichtrheumatische Aortenklappenkrankheiten'),(269,'I48','Vorhofflattern und Vorhofflimmern'),(270,'I71','Aortenaneurysma und -dissektion'),(271,'F93','Emotionale Störungen des Kindesalters'),(272,'D13','Gutartige Neubildung sonstiger und ungenau bezeichneter Teile des\nVerdauungssystems'),(273,'O20','Blutung in der Frühschwangerschaft'),(274,'M79','Sonstige Krankheiten des Weichteilgewebes, anderenorts nicht klassifiziert'),(275,'M72','Fibromatosen'),(276,'T88','Sonstige Komplikationen bei chirurgischen Eingriffen und medizinischer\nBehandlung, anderenorts nicht klassifiziert'),(277,'T78','Unerwünschte Nebenwirkungen, anderenorts nicht klassifiziert'),(278,'M94','Sonstige Knorpelkrankheiten'),(279,'D68','Sonstige Koagulopathien'),(280,'O28','Abnorme Befunde bei der Screeninguntersuchung der Mutter zur pränatalen\nDiagnostik'),(281,'E87','Sonstige Störungen des Wasser- und Elektrolythaushaltes sowie des Säure-'),(282,'A09','Sonstige und nicht näher bezeichnete Gastroenteritis und Kolitis infektiösen\nund nicht näher bezeichneten Ursprungs'),(283,'Z49','Dialysebehandlung'),(284,'S82','Fraktur des Unterschenkels, einschließlich des oberen Sprunggelenkes'),(285,'J43','Emphysem'),(286,'B02','Zoster [Herpes zoster]'),(287,'B97','Viren als Ursache von Krankheiten, die in anderen Kapiteln klassifiziert sind'),(288,'K62','Sonstige Krankheiten des Anus und des Rektums'),(289,'K80','Cholelithiasis'),(290,'R26','Störungen des Ganges und der Mobilität'),(291,'K31','Sonstige Krankheiten des Magens und des Duodenums'),(292,'O35','Betreuung der Mutter bei festgestellter oder vermuteter Anomalie oder'),(293,'G93','Sonstige Krankheiten des Gehirns'),(294,'N47','Vorhauthypertrophie, Phimose und Paraphimose'),(295,'O23','Infektionen des Urogenitaltraktes in der Schwangerschaft'),(296,'Z99','Abhängigkeit (langzeitig) von unterstützenden Apparaten, medizinischen'),(297,'E06','Thyreoiditis'),(298,'M25','Sonstige Gelenkkrankheiten, anderenorts nicht klassifiziert'),(299,'N08','A52.7+, B26.8+, B52.0+, B65.-+, B78.-+, C88.0-+, C90.0-+, D57.-+, D59.3+,'),(300,'O21','Übermäßiges Erbrechen während der Schwangerschaft'),(301,'H93','Sonstige Krankheiten des Ohres, anderenorts nicht klassifiziert'),(302,'N05','Nicht näher bezeichnetes nephritisches Syndrom'),(303,'N84','Polyp des weiblichen Genitaltraktes'),(304,'N62','Hypertrophie der Mamma [Brustdrüse]'),(305,'Q61','Zystische Nierenkrankheit'),(306,'I70','Atherosklerose'),(307,'M24','Sonstige näher bezeichnete Gelenkschädigungen'),(308,'Z76','Personen, die das Gesundheitswesen aus sonstigen Gründen in Anspruch'),(309,'E53','Mangel an sonstigen Vitaminen des Vitamin-B-Komplexes'),(310,'S32','Fraktur der Lendenwirbelsäule und des Beckens'),(311,'M76','Enthesopathien der unteren Extremität mit Ausnahme des Fußes'),(312,'K60','Fissur und Fistel in der Anal- und Rektalregion'),(313,'Z09','Nachuntersuchung nach Behandlung wegen anderer Krankheitszustände'),(314,'N17','Akutes Nierenversagen'),(315,'R51','Kopfschmerz'),(316,'R31','Nicht näher bezeichnete Hämaturie'),(317,'M19','Sonstige Arthrose'),(318,'N03','Chronisches nephritisches Syndrom'),(319,'M40','Kyphose und Lordose'),(320,'N15','Sonstige tubulointerstitielle Nierenkrankheiten'),(321,'Z27','Notwendigkeit der kombinierten Impfung [Immunisierung] gegen'),(322,'E72','Sonstige Störungen des Aminosäurestoffwechsels'),(323,'I89','Sonstige nichtinfektiöse Krankheiten der Lymphgefäße und Lymphknoten'),(324,'N26','Schrumpfniere, nicht näher bezeichnet'),(325,'R14','Flatulenz und verwandte Zustände'),(326,'R54','Senilität'),(327,'I44','Atrioventrikulärer Block und Linksschenkelblock'),(328,'N20','Nieren- und Ureterstein'),(329,'E88','Sonstige Stoffwechselstörungen'),(330,'N04','Nephrotisches Syndrom'),(331,'R12','Sodbrennen'),(332,'Q66','Angeborene Deformitäten der Füße'),(333,'N19','Nicht näher bezeichnete Niereninsuffizienz'),(334,'S42','Fraktur im Bereich der Schulter und des Oberarmes'),(335,'N02','Rezidivierende und persistierende Hämaturie'),(336,'N18','Chronische Nierenkrankheit'),(337,'I13','Hypertensive Herz- und Nierenkrankheit'),(338,'M13','Sonstige Arthritis'),(339,'N13','Obstruktive Uropathie und Refluxuropathie'),(340,'M16','Koxarthrose [Arthrose des Hüftgelenkes]'),(341,'F98','Andere Verhaltens- und emotionale Störungen mit Beginn in der Kindheit und'),(342,'Q65','Angeborene Deformitäten der Hüfte'),(343,'N31','Neuromuskuläre Dysfunktion der Harnblase, anderenorts nicht klassifiziert'),(344,'E21','Hyperparathyreoidismus und sonstige Krankheiten der Nebenschilddrüse'),(345,'H61','Sonstige Krankheiten des äußeren Ohres'),(346,'F01','Vaskuläre Demenz'),(347,'S93','Luxation, Verstauchung und Zerrung der Gelenke und Bänder in Höhe des\noberen Sprunggelenkes und des Fußes'),(348,'R10','Bauch- und Beckenschmerzen'),(349,'D32','Gutartige Neubildung der Meningen'),(350,'B98','Sonstige näher bezeichnete infektiöse Erreger als Ursache von Krankheiten,\ndie in anderen Kapiteln klassifiziert sind'),(351,'M71','Sonstige Bursopathien'),(352,'R41','Sonstige Symptome, die das Erkennungsvermögen und das Bewusstsein'),(353,'G24','Dystonie'),(354,'F72','Schwere Intelligenzminderung'),(355,'F13','Psychische und Verhaltensstörungen durch Sedativa oder Hypnotika'),(356,'G80','Infantile Zerebralparese'),(357,'F22','Anhaltende wahnhafte Störungen'),(358,'E89','Endokrine und Stoffwechselstörungen nach medizinischen Maßnahmen,\nanderenorts nicht klassifiziert'),(359,'C71','Bösartige Neubildung des Gehirns'),(360,'D48','Neubildung unsicheren oder unbekannten Verhaltens an sonstigen und nicht\nnäher bezeichneten Lokalisationen'),(361,'G08','Intrakranielle und intraspinale Phlebitis und Thrombophlebitis'),(362,'K90','Intestinale Malabsorption'),(363,'G21','Sekundäres Parkinson-Syndrom'),(364,'G31','Sonstige degenerative Krankheiten des Nervensystems, anderenorts nicht\nklassifiziert'),(365,'F07','Persönlichkeits- und Verhaltensstörung aufgrund einer Krankheit, Schädigung'),(366,'D83','Variabler Immundefekt [common variable immunodeficiency]'),(367,'G63','A50.4+, A52.1+, A69.2+, B02.2+, B26.8+, B27.-+, C00-D48+, E00-E07+, E10-'),(368,'L72','Follikuläre Zysten der Haut und der Unterhaut'),(369,'M53','Sonstige Krankheiten der Wirbelsäule und des Rückens, anderenorts nicht'),(370,'K74','Fibrose und Zirrhose der Leber'),(371,'G46','Zerebrale Gefäßsyndrome bei zerebrovaskulären Krankheiten'),(372,'M05','Seropositive chronische Polyarthritis'),(373,'R41','Sonstige Symptome, die das Erkennungsvermögen und das Bewusstsein\nbetreffen'),(374,'I82','Sonstige venöse Embolie und Thrombose'),(375,'S06','Intrakranielle Verletzung'),(376,'R63','Symptome, die die Nahrungs- und Flüssigkeitsaufnahme betreffen'),(377,'G60','Hereditäre und idiopathische Neuropathie'),(378,'K63','Sonstige Krankheiten des Darmes'),(379,'F29','Nicht näher bezeichnete nichtorganische Psychose'),(380,'G55','klassifizierten Krankheiten (C00-D48+, M45-M48+, M50-M51+, M53-M54+)'),(381,'G04','Enzephalitis, Myelitis und Enzephalomyelitis'),(382,'L02','Hautabszess, Furunkel und Karbunkel'),(383,'G91','Hydrozephalus'),(384,'K30','Dyspepsie'),(385,'H90','Hörverlust durch Schallleitungs- oder Schallempfindungsstörung'),(386,'G95','Sonstige Krankheiten des Rückenmarkes'),(387,'R20','Sensibilitätsstörungen der Haut'),(388,'H60','Otitis externa'),(389,'J04','Akute Laryngitis und Tracheitis'),(390,'S52','Fraktur des Unterarmes'),(391,'J32','Chronische Sinusitis'),(392,'I42','Kardiomyopathie'),(393,'M95','Sonstige erworbene Deformitäten des Muskel-Skelett-Systems und des\nBindegewebes'),(394,'K75','Sonstige entzündliche Leberkrankheiten'),(395,'J31','Chronische Rhinitis, Rhinopharyngitis und Pharyngitis'),(396,'R94','Abnorme Ergebnisse von Funktionsprüfungen'),(397,'R60','Ödem, anderenorts nicht klassifiziert'),(398,'A49','Bakterielle Infektion nicht näher bezeichneter Lokalisation'),(399,'H65','Nichteitrige Otitis media'),(400,'E27','Sonstige Krankheiten der Nebenniere'),(401,'M42','Osteochondrose der Wirbelsäule'),(402,'E74','Sonstige Störungen des Kohlenhydratstoffwechsels'),(403,'M35','Sonstige Krankheiten mit Systembeteiligung des Bindegewebes'),(404,'L60','Krankheiten der Nägel'),(405,'J02','Akute Pharyngitis'),(406,'G81','Hemiparese und Hemiplegie'),(407,'E23','Unterfunktion und andere Störungen der Hypophyse'),(408,'J01','Akute Sinusitis'),(409,'K86','Sonstige Krankheiten des Pankreas'),(410,'I49','Sonstige kardiale Arrhythmien'),(411,'K40','Hernia inguinalis'),(412,'M85','Sonstige Veränderungen der Knochendichte und -struktur'),(413,'B18','Chronische Virushepatitis'),(414,'R06','Störungen der Atmung'),(415,'G70','Myasthenia gravis und sonstige neuromuskuläre Krankheiten'),(416,'M81','Osteoporose ohne pathologische Fraktur'),(417,'Z74','Probleme mit Bezug auf Pflegebedürftigkeit'),(418,'H69','Sonstige Krankheiten der Tuba auditiva'),(419,'F11','Psychische und Verhaltensstörungen durch Opioide'),(420,'E14','Nicht näher bezeichneter Diabetes mellitus'),(421,'Z56','Kontaktanlässe mit Bezug auf das Berufsleben'),(422,'I87','Sonstige Venenkrankheiten'),(423,'F05','Delir, nicht durch Alkohol oder andere psychotrope Substanzen bedingt'),(424,'K25','Ulcus ventriculi'),(425,'F21','Schizotype Störung'),(426,'L03','Phlegmone'),(427,'D35','Gutartige Neubildung sonstiger und nicht näher bezeichneter endokriner\nDrüsen'),(428,'F09','Nicht näher bezeichnete organische oder symptomatische psychische Störung'),(429,'R74','Abnorme Serumenzymwerte'),(430,'F59','Nicht näher bezeichnete Verhaltensauffälligkeiten bei körperlichen Störungen\nund Faktoren'),(431,'S62','Fraktur im Bereich des Handgelenkes und der Hand'),(432,'Z65','Kontaktanlässe mit Bezug auf andere psychosoziale Umstände'),(433,'K51','Colitis ulcerosa'),(434,'T74','Missbrauch von Personen'),(435,'K26','Ulcus duodeni'),(436,'Q02','Mikrozephalie'),(437,'D17','Gutartige Neubildung des Fettgewebes'),(438,'Q99','Sonstige Chromosomenanomalien, anderenorts nicht klassifiziert'),(439,'Z73','Probleme mit Bezug auf Schwierigkeiten bei der Lebensbewältigung'),(440,'E01','Jodmangelbedingte Schilddrüsenkrankheiten und verwandte Zustände'),(441,'Q85','Phakomatosen, anderenorts nicht klassifiziert'),(442,'F20','Schizophrenie'),(443,'K66','Sonstige Krankheiten des Peritoneums'),(444,'G61','Polyneuritis'),(445,'F23','Akute vorübergehende psychotische Störungen'),(446,'S22','Fraktur der Rippe(n), des Sternums und der Brustwirbelsäule'),(447,'G99','Sonstige Krankheiten des Nervensystems bei anderenorts klassifizierten\nKrankheiten (C00-D48+, E10-E14+, vierte Stelle .4, E85.-+, M47.-+, M50.0+,\nM51.0+, N18.-+)'),(448,'S63','Luxation, Verstauchung und Zerrung von Gelenken und Bändern in Höhe des\nHandgelenkes und der Hand'),(449,'F38','Andere affektive Störungen'),(450,'R42','Schwindel und Taumel'),(451,'J96','Respiratorische Insuffizienz, anderenorts nicht klassifiziert'),(452,'F52','Sexuelle Funktionsstörungen, nicht verursacht durch eine organische Störung\noder Krankheit'),(453,'F61','Kombinierte und andere Persönlichkeitsstörungen'),(454,'K56','Paralytischer Ileus und mechanischer Ileus ohne Hernie'),(455,'S43','Luxation, Verstauchung und Zerrung von Gelenken und Bändern des\nSchultergürtels'),(456,'F28','Sonstige nichtorganische psychotische Störungen'),(457,'K50','Crohn-Krankheit [Enteritis regionalis] [Morbus Crohn]'),(458,'T84','Komplikationen durch orthopädische Endoprothesen, Implantate oder\nTransplantate'),(459,'F68','Andere Persönlichkeits- und Verhaltensstörungen'),(460,'Z85','Bösartige Neubildung in der Eigenanamnese'),(461,'T08','Fraktur der Wirbelsäule, Höhe nicht näher bezeichnet'),(462,'F79','Nicht näher bezeichnete Intelligenzminderung'),(463,'N25','Krankheiten infolge Schädigung der tubulären Nierenfunktion'),(464,'G58','Sonstige Mononeuropathien'),(465,'Q87','Sonstige näher bezeichnete angeborene Fehlbildungssyndrome mit Beteiligung\nmehrerer Systeme'),(466,'K92','Sonstige Krankheiten des Verdauungssystems'),(467,'Q90','Down-Syndrom'),(468,'R85','Abnorme Befunde in Untersuchungsmaterialien aus Verdauungsorganen und\nBauchhöhle'),(469,'R44','Sonstige Symptome, die die Sinneswahrnehmungen und das\nWahrnehmungsvermögen betreffen'),(470,'H73','Sonstige Krankheiten des Trommelfells'),(471,'F51','Nichtorganische Schlafstörungen'),(472,'D66','Hereditärer Faktor-VIII-Mangel'),(473,'S72','Fraktur des Femurs'),(474,'S60','Oberflächliche Verletzung des Handgelenkes und der Hand'),(475,'F07','Persönlichkeits- und Verhaltensstörung aufgrund einer Krankheit, Schädigung\noder Funktionsstörung des Gehirns'),(476,'N39','Sonstige Krankheiten des Harnsystems'),(477,'K55','Gefäßkrankheiten des Darmes'),(478,'F15','Psychische und Verhaltensstörungen durch andere Stimulanzien, einschließlich\nKoffein'),(479,'H66','Eitrige und nicht näher bezeichnete Otitis media'),(480,'G83','Sonstige Lähmungssyndrome'),(481,'Z47','Andere orthopädische Nachbehandlung'),(482,'F24','Induzierte wahnhafte Störung'),(483,'Z92','Medizinische Behandlung in der Eigenanamnese'),(484,'I67','Sonstige zerebrovaskuläre Krankheiten'),(485,'S46','Verletzung von Muskeln und Sehnen in Höhe der Schulter und des Oberarmes'),(486,'F30','Manische Episode'),(487,'K20','Ösophagitis'),(488,'H92','Otalgie und Ohrenfluss'),(489,'F53','Psychische oder Verhaltensstörungen im Wochenbett, anderenorts nicht\nklassifiziert'),(490,'F39','Nicht näher bezeichnete affektive Störung'),(491,'D47','Sonstige Neubildungen unsicheren oder unbekannten Verhaltens des\nlymphatischen, blutbildenden und verwandten Gewebes'),(492,'Z95','Vorhandensein von kardialen oder vaskulären Implantaten oder Transplantaten'),(493,'I61','Intrazerebrale Blutung'),(494,'F65','Störungen der Sexualpräferenz'),(495,'M70','Krankheiten des Weichteilgewebes im Zusammenhang mit Beanspruchung,\nÜberbeanspruchung und Druck'),(496,'H81','Störungen der Vestibularfunktion'),(497,'Z70','Beratung in Bezug auf Sexualeinstellung, -verhalten oder -orientierung'),(498,'F69','Nicht näher bezeichnete Persönlichkeits- und Verhaltensstörung'),(499,'N40','Prostatahyperplasie'),(500,'G71','Primäre Myopathien'),(501,'P07','Störungen im Zusammenhang mit kurzer Schwangerschaftsdauer und\nniedrigem Geburtsgewicht, anderenorts nicht klassifiziert'),(502,'R48','Dyslexie und sonstige Werkzeugstörungen, anderenorts nicht klassifiziert'),(503,'Z27','Notwendigkeit der kombinierten Impfung [Immunisierung] gegen\nInfektionskrankheiten'),(504,'Z23','Notwendigkeit der Impfung [Immunisierung] gegen einzelne bakterielle\nKrankheiten'),(505,'J20','Akute Bronchitis'),(506,'C34','Bösartige Neubildung der Bronchien und der Lunge'),(507,'R50','Fieber sonstiger und unbekannter Ursache'),(508,'Q40','Sonstige angeborene Fehlbildungen des oberen Verdauungstraktes'),(509,'J98','Sonstige Krankheiten der Atemwege'),(510,'F14','Psychische und Verhaltensstörungen durch Kokain'),(511,'S80','Oberflächliche Verletzung des Unterschenkels'),(512,'R62','Ausbleiben der erwarteten normalen physiologischen Entwicklung'),(513,'H68','Entzündung und Verschluss der Tuba auditiva'),(514,'C91','Lymphatische Leukämie'),(515,'M41','Skoliose'),(516,'M07','Arthritis psoriatica und Arthritiden bei gastrointestinalen Grundkrankheiten\n(K50.-+, K51.-+, L40.5+)'),(517,'M80','Osteoporose mit pathologischer Fraktur'),(518,'N81','Genitalprolaps bei der Frau'),(519,'T16','Fremdkörper im Ohr'),(520,'F33','Rezidivierende depressive Störung'),(521,'F55','Schädlicher Gebrauch von nichtabhängigkeitserzeugenden Substanzen'),(522,'F03','Nicht näher bezeichnete Demenz'),(523,'F62','Andauernde Persönlichkeitsänderungen, nicht Folge einer Schädigung oder'),(524,'Z29','Notwendigkeit von anderen prophylaktischen Maßnahmen'),(525,'J38','Krankheiten der Stimmlippen und des Kehlkopfes, anderenorts nicht klassifiziert'),(526,'J06','Akute Infektionen an mehreren oder nicht näher bezeichneten Lokalisationen'),(527,'R29','Sonstige Symptome, die das Nervensystem und das Muskel-Skelett-System\nbetreffen'),(528,'F19','Psychische und Verhaltensstörungen durch multiplen Substanzgebrauch und'),(529,'R01','Herzgeräusche und andere Herz-Schallphänomene'),(530,'F06','Andere psychische Störungen aufgrund einer Schädigung oder'),(531,'R39','Sonstige Symptome, die das Harnsystem betreffen'),(532,'Z71','Personen, die das Gesundheitswesen zum Zwecke anderer Beratung oder\närztlicher Konsultation in Anspruch nehmen, anderenorts nicht klassifiziert'),(533,'Z24','Notwendigkeit der Impfung [Immunisierung] gegen bestimmte einzelne\nViruskrankheiten [Gelbfieber, Masern, Poliomyelitis, Röteln, Tollwut, durch\nArthropoden übertragene Virusenzephalitis, und Virushepatitis]'),(534,'J18','Pneumonie, Erreger nicht näher bezeichnet'),(535,'Z28','Nicht durchgeführte Impfung [Immunisierung]'),(536,'B80','Enterobiasis [Oxyuriasis]'),(537,'Q67','Angeborene Muskel-Skelett-Deformitäten des Kopfes, des Gesichtes, der\nWirbelsäule und des Thorax'),(538,'K00','Störungen der Zahnentwicklung und des Zahndurchbruchs'),(539,'A08','Virusbedingte und sonstige näher bezeichnete Darminfektionen'),(540,'L22','Windeldermatitis'),(541,'Z99','Abhängigkeit (langzeitig) von unterstützenden Apparaten, medizinischen\nGeräten oder Hilfsmitteln, anderenorts nicht klassifiziert'),(542,'J42','Nicht näher bezeichnete chronische Bronchitis'),(543,'J84','Sonstige interstitielle Lungenkrankheiten'),(544,'J41','Einfache und schleimig-eitrige chronische Bronchitis'),(545,'N32','Sonstige Krankheiten der Harnblase'),(546,'R91','Abnorme Befunde bei der bildgebenden Diagnostik der Lunge'),(547,'C67','Bösartige Neubildung der Harnblase'),(548,'C18','Bösartige Neubildung des Kolons'),(549,'N43','Hydrozele und Spermatozele'),(550,'M45','Spondylitis ankylosans'),(551,'J40','Bronchitis, nicht als akut oder chronisch bezeichnet'),(552,'M93','Sonstige Osteochondropathien'),(553,'N41','Entzündliche Krankheiten der Prostata'),(554,'C85','Sonstige und nicht näher bezeichnete Typen des Non-Hodgkin-Lymphoms'),(555,'J47','Bronchiektasen'),(556,'J33','Nasenpolyp'),(557,'N50','Sonstige Krankheiten der männlichen Genitalorgane'),(558,'M31','Sonstige nekrotisierende Vaskulopathien'),(559,'K64','Hämorrhoiden und Perianalvenenthrombose'),(560,'R35','Polyurie'),(561,'S90','Oberflächliche Verletzung der Knöchelregion und des Fußes'),(562,'M96','Krankheiten des Muskel-Skelett-Systems nach medizinischen Maßnahmen,\nanderenorts nicht klassifiziert'),(563,'D69','Purpura und sonstige hämorrhagische Diathesen'),(564,'R04','Blutung aus den Atemwegen'),(565,'M46','Sonstige entzündliche Spondylopathien'),(566,'J15','Pneumonie durch Bakterien, anderenorts nicht klassifiziert'),(567,'Z26','Notwendigkeit der Impfung [Immunisierung] gegen andere einzelne\nInfektionskrankheiten'),(568,'I74','Arterielle Embolie und Thrombose'),(569,'Z04','Untersuchung und Beobachtung aus sonstigen Gründen'),(570,'G54','Krankheiten von Nervenwurzeln und Nervenplexus'),(571,'C78','Sekundäre bösartige Neubildung der Atmungs- und Verdauungsorgane'),(572,'J93','Pneumothorax'),(573,'J37','Chronische Laryngitis und Laryngotracheitis'),(574,'J90','Pleuraerguss, anderenorts nicht klassifiziert'),(575,'N42','Sonstige Krankheiten der Prostata'),(576,'M75','Schulterläsionen'),(577,'N35','Harnröhrenstriktur'),(578,'S92','Fraktur des Fußes [ausgenommen oberes Sprunggelenk]'),(579,'E29','Testikuläre Dysfunktion'),(580,'J03','Akute Tonsillitis'),(581,'K04','Krankheiten der Pulpa und des periapikalen Gewebes'),(582,'R77','Sonstige Veränderungen der Plasmaproteine'),(583,'R53','Unwohlsein und Ermüdung'),(584,'K10','Sonstige Krankheiten der Kiefer'),(585,'D29','Gutartige Neubildung der männlichen Genitalorgane'),(586,'K06','Sonstige Krankheiten der Gingiva und des zahnlosen Alveolarkammes'),(587,'N45','Orchitis und Epididymitis'),(588,'R22','Lokalisierte Schwellung, Raumforderung und Knoten der Haut und der'),(589,'D41','Neubildung unsicheren oder unbekannten Verhaltens der Harnorgane'),(590,'K05','Gingivitis und Krankheiten des Parodonts'),(591,'M32','Systemischer Lupus erythematodes'),(592,'R33','Harnverhaltung'),(593,'D10','Gutartige Neubildung des Mundes und des Pharynx'),(594,'D75','Sonstige Krankheiten des Blutes und der blutbildenden Organe'),(595,'D40','Neubildung unsicheren oder unbekannten Verhaltens der männlichen\nGenitalorgane'),(596,'K09','Zysten der Mundregion, anderenorts nicht klassifiziert'),(597,'R69','Unbekannte und nicht näher bezeichnete Krankheitsursachen'),(598,'M86','Osteomyelitis'),(599,'L93','Lupus erythematodes'),(600,'N34','Urethritis und urethrales Syndrom'),(601,'T89','Sonstige näher bezeichnete Komplikationen eines Traumas'),(602,'D72','Sonstige Krankheiten der Leukozyten'),(603,'Q38','Sonstige angeborene Fehlbildungen der Zunge, des Mundes und des Rachens'),(604,'L05','Pilonidalzyste'),(605,'R76','Sonstige abnorme immunologische Serumbefunde'),(606,'C90','Plasmozytom und bösartige Plasmazellen-Neubildungen'),(607,'C62','Bösartige Neubildung des Hodens'),(608,'Z30','Kontrazeptive Maßnahmen'),(609,'N46','Sterilität beim Mann'),(610,'M34','Systemische Sklerose'),(611,'I86','Varizen sonstiger Lokalisationen'),(612,'D64','Sonstige Anämien'),(613,'H53','Sehstörungen'),(614,'C68','Bösartige Neubildung sonstiger und nicht näher bezeichneter Harnorgane'),(615,'N89','Sonstige nichtentzündliche Krankheiten der Vagina'),(616,'M48','Sonstige Spondylopathien'),(617,'R82','Sonstige abnorme Urinbefunde'),(618,'D86','Sarkoidose'),(619,'H04','Affektionen des Tränenapparates'),(620,'C79','Sekundäre bösartige Neubildung an sonstigen und nicht näher bezeichneten\nLokalisationen'),(621,'Z96','Vorhandensein von anderen funktionellen Implantaten'),(622,'Z12','Spezielle Verfahren zur Untersuchung auf Neubildungen'),(623,'H47','Sonstige Affektionen des Nervus opticus [II. Hirnnerv] und der Sehbahn'),(624,'A16','Tuberkulose der Atmungsorgane, weder bakteriologisch, molekularbiologisch\nnoch histologisch gesichert'),(625,'E55','Vitamin-D-Mangel'),(626,'R49','Störungen der Stimme'),(627,'H43','Affektionen des Glaskörpers'),(628,'Q78','Sonstige Osteochondrodysplasien'),(629,'M15','Polyarthrose'),(630,'K03','Sonstige Krankheiten der Zahnhartsubstanzen'),(631,'Z43','Versorgung künstlicher Körperöffnungen'),(632,'R13','Dysphagie'),(633,'Z93','Vorhandensein einer künstlichen Körperöffnung'),(634,'T81','Komplikationen bei Eingriffen, anderenorts nicht klassifiziert'),(635,'Z01','Sonstige spezielle Untersuchungen und Abklärungen bei Personen ohne\nBeschwerden oder angegebene Diagnose'),(636,'Q55','Sonstige angeborene Fehlbildungen der männlichen Genitalorgane'),(637,'D16','Gutartige Neubildung des Knochens und des Gelenkknorpels'),(638,'B34','Viruskrankheit nicht näher bezeichneter Lokalisation'),(639,'Q63','Sonstige angeborene Fehlbildungen der Niere'),(640,'C06','Bösartige Neubildung sonstiger und nicht näher bezeichneter Teile des Mundes'),(641,'F80','Umschriebene Entwicklungsstörungen des Sprechens und der Sprache'),(642,'T83','Komplikationen durch Prothesen, Implantate oder Transplantate im\nUrogenitaltrakt'),(643,'Q35','Gaumenspalte'),(644,'D50','Eisenmangelanämie'),(645,'F82','Umschriebene Entwicklungsstörung der motorischen Funktionen'),(646,'M89','Sonstige Knochenkrankheiten'),(647,'J39','Sonstige Krankheiten der oberen Atemwege'),(648,'C02','Bösartige Neubildung sonstiger und nicht näher bezeichneter Teile der Zunge'),(649,'R22','Lokalisierte Schwellung, Raumforderung und Knoten der Haut und der\nUnterhaut'),(650,'Z76','Personen, die das Gesundheitswesen aus sonstigen Gründen in Anspruch\nnehmen'),(651,'T18','Fremdkörper im Verdauungstrakt'),(652,'N95','Klimakterische Störungen'),(653,'C00','Bösartige Neubildung der Lippe'),(654,'K71','Toxische Leberkrankheit'),(655,'C04','Bösartige Neubildung des Mundbodens'),(656,'Z60','Kontaktanlässe mit Bezug auf die soziale Umgebung'),(657,'N76','Sonstige entzündliche Krankheiten der Vagina und Vulva'),(658,'C05','Bösartige Neubildung des Gaumens'),(659,'F99','Psychische Störung ohne nähere Angabe'),(660,'M08','Juvenile Arthritis'),(661,'H10','Konjunktivitis'),(662,'N94','Schmerz und andere Zustände im Zusammenhang mit den weiblichen\nGenitalorganen und dem Menstruationszyklus'),(663,'G50','Krankheiten des Nervus trigeminus [V. Hirnnerv]'),(664,'Q86','Angeborene Fehlbildungssyndrome durch bekannte äußere Ursachen,\nanderenorts nicht klassifiziert'),(665,'R32','Nicht näher bezeichnete Harninkontinenz'),(666,'Q37','Gaumenspalte mit Lippenspalte'),(667,'F88','Andere Entwicklungsstörungen'),(668,'H36','Affektionen der Netzhaut bei anderenorts klassifizierten Krankheiten\nE10-E14+, vierte Stelle .3, E75.-+, I70.8+)'),(669,'F31','Bipolare affektive Störung'),(670,'K44','Hernia diaphragmatica'),(671,'Z72','Probleme mit Bezug auf die Lebensführung'),(672,'D46','Myelodysplastische Syndrome'),(673,'H02','Sonstige Affektionen des Augenlides'),(674,'F10','Psychische und Verhaltensstörungen durch Alkohol'),(675,'I77','Sonstige Krankheiten der Arterien und Arteriolen'),(676,'M77','Sonstige Enthesopathien'),(677,'F19','Psychische und Verhaltensstörungen durch multiplen Substanzgebrauch und\nKonsum anderer psychotroper Substanzen'),(678,'N92','Zu starke, zu häufige oder unregelmäßige Menstruation'),(679,'S03','Luxation, Verstauchung und Zerrung von Gelenken und Bändern des Kopfes'),(680,'H59','Affektionen des Auges und der Augenanhangsgebilde nach medizinischen\nMaßnahmen, anderenorts nicht klassifiziert'),(681,'F89','Nicht näher bezeichnete Entwicklungsstörung'),(682,'C20','Bösartige Neubildung des Rektums'),(683,'C76','Bösartige Neubildung sonstiger und ungenau bezeichneter Lokalisationen'),(684,'M21','Sonstige erworbene Deformitäten der Extremitäten'),(685,'F74','Dissoziierte Intelligenz'),(686,'D11','Gutartige Neubildung der großen Speicheldrüsen'),(687,'H18','Sonstige Affektionen der Hornhaut'),(688,'M33','Dermatomyositis-Polymyositis'),(689,'G20','Primäres Parkinson-Syndrom'),(690,'G62','Sonstige Polyneuropathien'),(691,'N64','Sonstige Krankheiten der Mamma [Brustdrüse]'),(692,'F25','Schizoaffektive Störungen'),(693,'D45','Polycythaemia vera'),(694,'F71','Mittelgradige Intelligenzminderung'),(695,'F90','Hyperkinetische Störungen'),(696,'G30','Alzheimer-Krankheit'),(697,'O09','Schwangerschaftsdauer'),(698,'H33','Netzhautablösung und Netzhautriss'),(699,'E83','Störungen des Mineralstoffwechsels'),(700,'N28','Sonstige Krankheiten der Niere und des Ureters, anderenorts nicht klassifiziert'),(701,'F92','Kombinierte Störung des Sozialverhaltens und der Emotionen'),(702,'H11','Sonstige Affektionen der Konjunktiva'),(703,'R07','Hals- und Brustschmerzen'),(704,'H57','Sonstige Affektionen des Auges und der Augenanhangsgebilde'),(705,'L30','Sonstige Dermatitis'),(706,'F00','Demenz bei Alzheimer-Krankheit'),(707,'G82','Paraparese und Paraplegie, Tetraparese und Tetraplegie'),(708,'R47','Sprech- und Sprachstörungen, anderenorts nicht klassifiziert'),(709,'R25','Abnorme unwillkürliche Bewegungen'),(710,'H74','Sonstige Krankheiten des Mittelohres und des Warzenfortsatzes'),(711,'H00','Hordeolum und Chalazion'),(712,'M62','Sonstige Muskelkrankheiten'),(713,'H72','Trommelfellperforation'),(714,'L40','Psoriasis'),(715,'I88','Unspezifische Lymphadenitis'),(716,'Z90','Verlust von Organen, anderenorts nicht klassifiziert'),(717,'B99','Sonstige und nicht näher bezeichnete Infektionskrankheiten'),(718,'F48','Andere neurotische Störungen'),(719,'E05','Hyperthyreose [Thyreotoxikose]'),(720,'H27','Sonstige Affektionen der Linse'),(721,'I34','Nichtrheumatische Mitralklappenkrankheiten'),(722,'K14','Krankheiten der Zunge'),(723,'I11','Hypertensive Herzkrankheit'),(724,'K11','Krankheiten der Speicheldrüsen'),(725,'M99','Biomechanische Funktionsstörungen, anderenorts nicht klassifiziert'),(726,'H83','Sonstige Krankheiten des Innenohres'),(727,'R43','Störungen des Geruchs- und Geschmackssinnes'),(728,'J00','Akute Rhinopharyngitis [Erkältungsschnupfen]'),(729,'H71','Cholesteatom des Mittelohres'),(730,'Z25','Notwendigkeit der Impfung [Immunisierung] gegen andere einzelne\nViruskrankheiten [Grippe, Mumps und andere]'),(731,'H95','Krankheiten des Ohres und des Warzenfortsatzes nach medizinischen\nMaßnahmen, anderenorts nicht klassifiziert'),(732,'I65','Verschluss und Stenose präzerebraler Arterien ohne resultierenden Hirninfarkt'),(733,'Z97','Vorhandensein anderer medizinischer Geräte oder Hilfsmittel'),(734,'D33','Gutartige Neubildung des Gehirns und anderer Teile des Zentralnervensystems'),(735,'M10','Gicht'),(736,'H01','Sonstige Entzündung des Augenlides'),(737,'C32','Bösartige Neubildung des Larynx'),(738,'R05','Husten'),(739,'S01','Offene Wunde des Kopfes'),(740,'M23','Binnenschädigung des Kniegelenkes [internal derangement]'),(741,'L04','Akute Lymphadenitis'),(742,'G63','Polyneuropathie b.anderenorts klassifiz. Krkh. (A17.8+, A30.-+, A36.8+,\nA50.4+, A52.1+, A69.2+, B02.2+, B26.8+, B27.-+, C00-D48+, E00-E07+, E10-E14+, vierte Stelle .4, E15-E16+, E20-E34+, E40-E64+, E70-E89+, M00-M25+,\nM30-M35+, M40-M96+, N18.-+)'),(743,'R59','Lymphknotenvergrößerung'),(744,'Z02','Untersuchung und Konsultation aus administrativen Gründen'),(745,'S02','Fraktur des Schädels und der Gesichtsschädelknochen'),(746,'E07','Sonstige Krankheiten der Schilddrüse'),(747,'R00','Störungen des Herzschlages'),(748,'K13','Sonstige Krankheiten der Lippe und der Mundschleimhaut'),(749,'H17','Hornhautnarben und -trübungen'),(750,'H26','Sonstige Kataraktformen'),(751,'H80','Otosklerose'),(752,'H16','Keratitis'),(753,'H25','Cataracta senilis'),(754,'S00','Oberflächliche Verletzung des Kopfes'),(755,'H54','Blindheit und Sehbeeinträchtigung'),(756,'F95','Ticstörungen'),(757,'H34','Netzhautgefäßverschluss'),(758,'S09','Sonstige und nicht näher bezeichnete Verletzungen des Kopfes'),(759,'Z46','Versorgen mit und Anpassen von anderen medizinischen Geräten oder\nHilfsmitteln'),(760,'K12','Stomatitis und verwandte Krankheiten'),(761,'E10','Diabetes mellitus vom Typ 1'),(762,'D14','Gutartige Neubildung des Mittelohres und des Atmungssystems'),(763,'H31','Sonstige Affektionen der Aderhaut'),(764,'K02','Zahnkaries'),(765,'D22','Melanozytennävus'),(766,'D31','Gutartige Neubildung des Auges und der Augenanhangsgebilde'),(767,'H35','Sonstige Affektionen der Netzhaut'),(768,'B35','Dermatophytose [Tinea]'),(769,'H44','Affektionen des Augapfels'),(770,'Z48','Andere Nachbehandlung nach chirurgischem Eingriff'),(771,'L57','Hautveränderungen durch chronische Exposition gegenüber nichtionisierender\nStrahlung'),(772,'S05','Verletzung des Auges und der Orbita'),(773,'L82','Seborrhoische Keratose'),(774,'H21','Sonstige Affektionen der Iris und des Ziliarkörpers'),(775,'L71','Rosazea'),(776,'H49','Strabismus paralyticus'),(777,'D04','Carcinoma in situ der Haut'),(778,'Q14','Angeborene Fehlbildung des hinteren Augenabschnittes'),(779,'C43','Bösartiges Melanom der Haut'),(780,'I69','Folgen einer zerebrovaskulären Krankheit'),(781,'L21','Seborrhoisches Ekzem'),(782,'H20','Iridozyklitis'),(783,'L85','Sonstige Epidermisverdickung'),(784,'I15','Sekundäre Hypertonie'),(785,'L81','Sonstige Störungen der Hautpigmentierung'),(786,'T15','Fremdkörper im äußeren Auge'),(787,'D18','Hämangiom und Lymphangiom'),(788,'Z20','Kontakt mit und Exposition gegenüber übertragbaren Krankheiten'),(789,'L73','Sonstige Krankheiten der Haarfollikel'),(790,'Z13','Spezielle Verfahren zur Untersuchung auf sonstige Krankheiten oder Störungen'),(791,'Q60','Nierenagenesie und sonstige Reduktionsdefekte der Niere'),(792,'N11','Chronische tubulointerstitielle Nephritis'),(793,'D21','Sonstige gutartige Neubildungen des Bindegewebes und anderer\nWeichteilgewebe'),(794,'L50','Urtikaria'),(795,'Z45','Anpassung und Handhabung eines implantierten medizinischen Gerätes');
/*!40000 ALTER TABLE `icddiagnose` ENABLE KEYS */;
UNLOCK TABLES;

--
-- Table structure for table `krankenkasse`
--

DROP TABLE IF EXISTS `krankenkasse`;
/*!40101 SET @saved_cs_client     = @@character_set_client */;
/*!50503 SET character_set_client = utf8mb4 */;
CREATE TABLE `krankenkasse` (
  `KrankenkassenID` int NOT NULL,
  `Bezeichnung` varchar(255) NOT NULL,
  PRIMARY KEY (`KrankenkassenID`)
) ENGINE=InnoDB DEFAULT CHARSET=utf8mb4 COLLATE=utf8mb4_0900_ai_ci;
/*!40101 SET character_set_client = @saved_cs_client */;

--
-- Dumping data for table `krankenkasse`
--

LOCK TABLES `krankenkasse` WRITE;
/*!40000 ALTER TABLE `krankenkasse` DISABLE KEYS */;
INSERT INTO `krankenkasse` VALUES (1,'ÖGK'),(2,'SVS'),(3,'BVAEB');
/*!40000 ALTER TABLE `krankenkasse` ENABLE KEYS */;
UNLOCK TABLES;

--
-- Table structure for table `patient`
--

DROP TABLE IF EXISTS `patient`;
/*!40101 SET @saved_cs_client     = @@character_set_client */;
/*!50503 SET character_set_client = utf8mb4 */;
CREATE TABLE `patient` (
  `PatientenID` int NOT NULL AUTO_INCREMENT,
  `Anrede` varchar(255) NOT NULL,
  `Vorname` varchar(255) NOT NULL,
  `Nachname` varchar(255) NOT NULL,
  `Geburtsdatum` date NOT NULL,
  `Sozialversicherungsnummer` varchar(255) NOT NULL,
  `Strasse` varchar(255) DEFAULT NULL,
  `Postleitzahl` int DEFAULT NULL,
  `Ort` varchar(255) DEFAULT NULL,
  `Telefon` varchar(255) DEFAULT NULL,
  `Mail` varchar(255) DEFAULT NULL,
  `bundeslandID` int NOT NULL,
  `KrankenkassenID` int NOT NULL,
  PRIMARY KEY (`PatientenID`),
  KEY `fk_bundesland` (`bundeslandID`),
  KEY `FK_Patient_KrankenkassenID` (`KrankenkassenID`),
  CONSTRAINT `bundeslandID` FOREIGN KEY (`bundeslandID`) REFERENCES `bundesland` (`BundeslandID`),
  CONSTRAINT `KrankenkassenID` FOREIGN KEY (`KrankenkassenID`) REFERENCES `krankenkasse` (`KrankenkassenID`)
) ENGINE=InnoDB AUTO_INCREMENT=30 DEFAULT CHARSET=utf8mb4 COLLATE=utf8mb4_0900_ai_ci;
/*!40101 SET character_set_client = @saved_cs_client */;

--
-- Dumping data for table `patient`
--

LOCK TABLES `patient` WRITE;
/*!40000 ALTER TABLE `patient` DISABLE KEYS */;
INSERT INTO `patient` VALUES (1,'Männlich','Franz','Bauer','2001-01-22','1234567212','Föllinger Straße',8020,'Graz','+4366412345','franz.bauer@gmail.com',6,1),(4,'Weiblich','Marie','Müller','2020-12-20','76543245','Musterstraße',8542,'Musterort','+43667234345','ma2.müller@gmail.com',5,3),(5,'Männlich','Max','Maier','2000-02-04','87654321','Villacher Straße 3',8534,'Villach','+4366735672','m&m@gmail.com',2,3),(6,'Männlich','Mario','Mix','1945-09-05','65432254','Musterweg 3',8455,'Frohleiten','+437673452','mario1@gmx.at',6,1),(13,'Weiblich','Anna','Meier','1985-12-03','12345678','Kärntnerstraße 10',1010,'Wien','+49172654','annameier@gmail.com',9,1),(14,'Weiblich','Marie','Steiner','1974-05-12','51276341','Maria-Theresia-Straße',6020,'Innsbruck','+436764455','',7,1),(15,'Männlich','Lorenz','Felix','2022-03-04','32565674','Musterhaus',8463,'Hausen','','',6,3),(17,'Männlich','Jonas','Berger','1995-12-30','12303456','',6900,'Bregenz','','',8,1),(18,'Männlich','Leon','Wieldland','1974-02-01','123456789','',8020,'Graz','','',6,2),(19,'Weiblich','Juliana','Lerchner','2012-04-02','1234567891','',90205,'','','',2,1),(20,'Weiblich','Silvia','Kopitsch','2004-03-02','12345678','',9241,'Villach','','',2,1),(21,'Weiblich','Susanne','Berger','1999-09-09','123456789','Bertaweg',9020,'Klagenfurt','','',2,2),(22,'Männlich','Jonas','Ebner','2001-01-07','123456789','',3001,'Mauerbach','065045678','',3,1),(23,'Weiblich','Sabine','Reigner','1984-06-07','1234512345','',0,'','','',6,3),(24,'Männlich','Florian','Liebnig','1994-05-03','123456789','',5020,'Salzburg','','',5,1),(26,'Weiblich','Lena','Sonnentor','2001-03-02','1234567894','',8010,'Graz','','',6,3),(28,'Männlich','Julian','Sorger','2000-02-20','1234567892','',8020,'Graz','','',6,2),(29,'Weiblich','Anna','Sieber','1975-02-02','1234567892','',9020,'Klagenfurt','','',2,1);
/*!40000 ALTER TABLE `patient` ENABLE KEYS */;
UNLOCK TABLES;

--
-- Dumping events for database 'datenbank_patienten'
--

--
-- Dumping routines for database 'datenbank_patienten'
--
/*!40103 SET TIME_ZONE=@OLD_TIME_ZONE */;

/*!40101 SET SQL_MODE=@OLD_SQL_MODE */;
/*!40014 SET FOREIGN_KEY_CHECKS=@OLD_FOREIGN_KEY_CHECKS */;
/*!40014 SET UNIQUE_CHECKS=@OLD_UNIQUE_CHECKS */;
/*!40101 SET CHARACTER_SET_CLIENT=@OLD_CHARACTER_SET_CLIENT */;
/*!40101 SET CHARACTER_SET_RESULTS=@OLD_CHARACTER_SET_RESULTS */;
/*!40101 SET COLLATION_CONNECTION=@OLD_COLLATION_CONNECTION */;
/*!40111 SET SQL_NOTES=@OLD_SQL_NOTES */;

-- Dump completed on 2025-01-28 22:40:57
